<?xml version="1.0"?>
<!--<!DOCTYPE metadata SYSTEM "http://www.esri.com/metadata/esriprof80.dtd">-->
<metadata xml:lang="en"><Esri><CreaDate>20130725</CreaDate><CreaTime>17550300</CreaTime><SyncOnce>FALSE</SyncOnce><SyncDate>20130611</SyncDate><SyncTime>13231700</SyncTime><ModDate>20130611</ModDate><ModTime>13231700</ModTime><DataProperties><lineage><Process ToolSource="C:\Program Files\ArcGIS\ArcToolbox\Toolboxes\Conversion Tools.tbx\FeatureClassToFeatureClass" Date="20100726" Time="132708">FeatureClassToFeatureClass N:\GIM\GIS\Users\Todd\Projects\Streetname\DAT_SDW_STREETNAME_CONF\Shapefiles\NEW_CONF_FC_TMPLT.shp N:\GIM\GIS\Users\Todd\Projects\Streetname\DAT_SDW_STREETNAME_CONF\Templates\FGDB1.gdb Conf_Templ # "STR_NAME 'STR_NAME' true true false 42 Text 0 0 ,First,#,N:\GIM\GIS\Users\Todd\Projects\Streetname\DAT_SDW_STREETNAME_CONF\Shapefiles\NEW_CONF_FC_TMPLT.shp,STR_NAME,-1,-1;STR_PFX 'STR_PFX' true true false 2 Text 0 0 ,First,#,N:\GIM\GIS\Users\Todd\Projects\Streetname\DAT_SDW_STREETNAME_CONF\Shapefiles\NEW_CONF_FC_TMPLT.shp,STR_PFX,-1,-1;BASE_NAM 'BASE_NAM' true true false 50 Text 0 0 ,First,#,N:\GIM\GIS\Users\Todd\Projects\Streetname\DAT_SDW_STREETNAME_CONF\Shapefiles\NEW_CONF_FC_TMPLT.shp,BASE_NAM,-1,-1;STR_TYPE 'STR_TYPE' true true false 4 Text 0 0 ,First,#,N:\GIM\GIS\Users\Todd\Projects\Streetname\DAT_SDW_STREETNAME_CONF\Shapefiles\NEW_CONF_FC_TMPLT.shp,STR_TYPE,-1,-1;STR_SFX 'STR_SFX' true true false 2 Text 0 0 ,First,#,N:\GIM\GIS\Users\Todd\Projects\Streetname\DAT_SDW_STREETNAME_CONF\Shapefiles\NEW_CONF_FC_TMPLT.shp,STR_SFX,-1,-1;E_911 'E_911' true true false 1 Text 0 0 ,First,#,N:\GIM\GIS\Users\Todd\Projects\Streetname\DAT_SDW_STREETNAME_CONF\Shapefiles\NEW_CONF_FC_TMPLT.shp,E_911,-1,-1;TIS_CODE 'TIS_CODE' true true false 11 Text 0 0 ,First,#,N:\GIM\GIS\Users\Todd\Projects\Streetname\DAT_SDW_STREETNAME_CONF\Shapefiles\NEW_CONF_FC_TMPLT.shp,TIS_CODE,-1,-1;RTE_SYST 'RTE_SYST' true true false 2 Text 0 0 ,First,#,N:\GIM\GIS\Users\Todd\Projects\Streetname\DAT_SDW_STREETNAME_CONF\Shapefiles\NEW_CONF_FC_TMPLT.shp,RTE_SYST,-1,-1;RTE_NUM 'RTE_NUM' true true false 5 Text 0 0 ,First,#,N:\GIM\GIS\Users\Todd\Projects\Streetname\DAT_SDW_STREETNAME_CONF\Shapefiles\NEW_CONF_FC_TMPLT.shp,RTE_NUM,-1,-1;DIVID 'DIVID' true true false 1 Text 0 0 ,First,#,N:\GIM\GIS\Users\Todd\Projects\Streetname\DAT_SDW_STREETNAME_CONF\Shapefiles\NEW_CONF_FC_TMPLT.shp,DIVID,-1,-1;TRAF_DIR 'TRAF_DIR' true true false 1 Text 0 0 ,First,#,N:\GIM\GIS\Users\Todd\Projects\Streetname\DAT_SDW_STREETNAME_CONF\Shapefiles\NEW_CONF_FC_TMPLT.shp,TRAF_DIR,-1,-1;TIS_ONE 'TIS_ONE' true true false 16 Text 0 0 ,First,#,N:\GIM\GIS\Users\Todd\Projects\Streetname\DAT_SDW_STREETNAME_CONF\Shapefiles\NEW_CONF_FC_TMPLT.shp,TIS_ONE,-1,-1;STATUS 'STATUS' true true false 1 Text 0 0 ,First,#,N:\GIM\GIS\Users\Todd\Projects\Streetname\DAT_SDW_STREETNAME_CONF\Shapefiles\NEW_CONF_FC_TMPLT.shp,STATUS,-1,-1;DATE_PRO 'DATE_PRO' true true false 8 Date 0 0 ,First,#,N:\GIM\GIS\Users\Todd\Projects\Streetname\DAT_SDW_STREETNAME_CONF\Shapefiles\NEW_CONF_FC_TMPLT.shp,DATE_PRO,-1,-1;DATE_ACT 'DATE_ACT' true true false 8 Date 0 0 ,First,#,N:\GIM\GIS\Users\Todd\Projects\Streetname\DAT_SDW_STREETNAME_CONF\Shapefiles\NEW_CONF_FC_TMPLT.shp,DATE_ACT,-1,-1;DATE_RET 'DATE_RET' true true false 8 Date 0 0 ,First,#,N:\GIM\GIS\Users\Todd\Projects\Streetname\DAT_SDW_STREETNAME_CONF\Shapefiles\NEW_CONF_FC_TMPLT.shp,DATE_RET,-1,-1;DATE_EDT 'DATE_EDT' true true false 8 Date 0 0 ,First,#,N:\GIM\GIS\Users\Todd\Projects\Streetname\DAT_SDW_STREETNAME_CONF\Shapefiles\NEW_CONF_FC_TMPLT.shp,DATE_EDT,-1,-1;BEGPNT 'BEGPNT' true true false 8 Float 3 7 ,First,#,N:\GIM\GIS\Users\Todd\Projects\Streetname\DAT_SDW_STREETNAME_CONF\Shapefiles\NEW_CONF_FC_TMPLT.shp,BEGPNT,-1,-1;ENDPNT 'ENDPNT' true true false 8 Float 3 7 ,First,#,N:\GIM\GIS\Users\Todd\Projects\Streetname\DAT_SDW_STREETNAME_CONF\Shapefiles\NEW_CONF_FC_TMPLT.shp,ENDPNT,-1,-1;RTE_OBJID 'RTE_OBJID' true true false 9 Long 0 9 ,First,#,N:\GIM\GIS\Users\Todd\Projects\Streetname\DAT_SDW_STREETNAME_CONF\Shapefiles\NEW_CONF_FC_TMPLT.shp,RTE_OBJID,-1,-1;RTE_STAT 'RTE_STAT' true true false 1 Text 0 0 ,First,#,N:\GIM\GIS\Users\Todd\Projects\Streetname\DAT_SDW_STREETNAME_CONF\Shapefiles\NEW_CONF_FC_TMPLT.shp,RTE_STAT,-1,-1" # N:\GIM\GIS\Users\Todd\Projects\Streetname\DAT_SDW_STREETNAME_CONF\Templates\FGDB1.gdb\Conf_Templ</Process><Process ToolSource="C:\Program Files (x86)\ArcGIS\Desktop10.0\ArcToolbox\Toolboxes\Data Management Tools.tbx\CalculateField" Date="20130610" Time="103646">CalculateField Conf_Templ_1 BEGPNT RoundNum(!Shape!) PYTHON_9.3 "def RoundNum (Shp):\n  if Shp.Length == 0:\n    return 0\n  else:\n    Meas = Shp.firstpoint.m     \n    if math.isnan(Meas):  \n       return 0   \n    else:\n      Rnd = round(Meas, 3)\n      return Rnd\n\n\n\n\n\n\n\n\n\n\n\n\n\n\n\n\n\n\n\n\n\n"</Process><Process ToolSource="C:\Program Files (x86)\ArcGIS\Desktop10.0\ArcToolbox\Toolboxes\Data Management Tools.tbx\CalculateField" Date="20130610" Time="104035">CalculateField Conf_Templ_1 ENDPNT RoundNum(!Shape!) PYTHON_9.3 "def RoundNum (Shp):\n  if Shp.Length == 0:\n    return 0\n  else:\n    Meas = Shp.lastpoint.m     \n    if math.isnan(Meas):  \n       return 0   \n    else:\n      Rnd = round(Meas, 3)\n      return Rnd\n\n\n\n\n\n\n\n\n\n\n\n\n\n\n\n\n\n\n\n\n\n"</Process><Process ToolSource="C:\Program Files (x86)\ArcGIS\Desktop10.0\ArcToolbox\Toolboxes\Data Management Tools.tbx\CalculateField" Date="20130610" Time="104317">CalculateField Conf_Templ_1 BEGPNT RoundNum(!Shape!) PYTHON_9.3 "def RoundNum (Shp):\n  if Shp.Length == 0:\n    return 0\n  else:\n    Meas = Shp.lastpoint.m     \n    if math.isnan(Meas):  \n       return 0   \n    else:\n      Rnd = round(Meas, 3)\n      return Rnd\n\n\n\n\n\n\n\n\n\n\n\n\n\n\n\n\n\n\n\n\n\n"</Process><Process ToolSource="C:\Program Files (x86)\ArcGIS\Desktop10.0\ArcToolbox\Toolboxes\Data Management Tools.tbx\CalculateField" Date="20130610" Time="104402">CalculateField Conf_Templ_1 ENDPNT RoundNum(!Shape!) PYTHON_9.3 "def RoundNum (Shp):\n  if Shp.Length == 0:\n    return 0\n  else:\n    Meas = Shp.firstpoint.m     \n    if math.isnan(Meas):  \n       return 0   \n    else:\n      Rnd = round(Meas, 3)\n      return Rnd\n\n\n\n\n\n\n\n\n\n\n\n\n\n\n\n\n\n\n\n\n\n"</Process><Process ToolSource="C:\Program Files (x86)\ArcGIS\Desktop10.0\ArcToolbox\Toolboxes\Data Management Tools.tbx\CalculateField" Date="20130610" Time="104551">CalculateField Conf_Templ_1 ENDPNT RoundNum(!Shape!) PYTHON_9.3 "def RoundNum (Shp):\n  if Shp.Length == 0:\n    return 0\n  else:\n    Meas = Shp.firstpoint.m     \n    if math.isnan(Meas):  \n       return 0   \n    else:\n      Rnd = round(Meas, 3)\n      return Rnd\n\n\n\n\n\n\n\n\n\n\n\n\n\n\n\n\n\n\n\n\n\n"</Process><Process ToolSource="C:\Program Files (x86)\ArcGIS\Desktop10.0\ArcToolbox\Toolboxes\Data Management Tools.tbx\CalculateField" Date="20130610" Time="104652">CalculateField Conf_Templ_1 BEGPNT RoundNum(!Shape!) PYTHON_9.3 "def RoundNum (Shp):\n  if Shp.Length == 0:\n    return 0\n  else:\n    Meas = Shp.lastpoint.m     \n    if math.isnan(Meas):  \n       return 0   \n    else:\n      Rnd = round(Meas, 3)\n      return Rnd\n\n\n\n\n\n\n\n\n\n\n\n\n\n\n\n\n\n\n\n\n\n"</Process><Process ToolSource="C:\Program Files\ArcGIS\ArcToolbox\Toolboxes\Data Management Tools.tbx\CopyFeatures" Date="20130611" Time="104213">CopyFeatures "C:\Documents and Settings\basn1tod\Desktop\Bobs.gdb\RTE_SEG_ACT" C:\ExtractTemp\CntyExt.mdb\RTE_SEG_ACT # 0 0 0</Process><Process ToolSource="C:\Program Files\ArcGIS\ArcToolbox\Toolboxes\Data Management Tools.tbx\CalculateField" Date="20130611" Time="105610">CalculateField C:\ExtractTemp\CntyExt.mdb\RTE_SEG_ACT BEGM pMeas VB "Dim pGeometry as IGeometry\nDim pPolyline as Ipolyline\nDim pmSegmentation as ImSegmentation\nDim pFromPnt as IPoint\nDim pCurve As ICurve\nDim bAsRatio As Boolean\nDim pNearPoint As IPoint\nDim DistOnCurve As Double\nDim NearDist As Double\nDim bRight As Boolean\nDim pMSeg As IMSegmentation\nDim pMs As Variant\nDim pMeas as Variant\n\nSet pGeometry = [Shape]\nSet pPolyline = pGeometry\n\n\nIf Not (pGeometry.IsEmpty) Then\nSet pFromPnt = pPolyline.FromPoint\nSet pCurve = pPolyline\nSet pNearPoint = New Point\n      \npCurve.QueryPointAndDistance esriNoExtension, pFromPnt, bAsRatio, pNearPoint, DistOnCurve, NearDist, bRight\nSet pMSeg = pCurve\npMs = pMSeg.GetMsAtDistance(DistOnCurve, False)\n      \npMeas = pMs(0)\n\n  If(pMeas &lt;&gt; "1.#QNAN") then\n    pMeas = Round(pMeas,3)\n\n  Else\n  pMeas = 0\n  end if \n\nelse\npMeas = 0\nEnd If\n\n\n\n\n" C:\ExtractTemp\CntyExt.mdb\RTE_SEG_ACT</Process><Process ToolSource="C:\Program Files\ArcGIS\ArcToolbox\Toolboxes\Data Management Tools.tbx\CalculateField" Date="20130611" Time="111141">CalculateField C:\ExtractTemp\CntyExt.mdb\RTE_SEG_ACT ENDM pMeas VB "Dim pGeometry as IGeometry\nDim pPolyline as Ipolyline\nDim pmSegmentation as ImSegmentation\nDim pToPnt as IPoint\nDim pCurve As ICurve\nDim bAsRatio As Boolean\nDim pNearPoint As IPoint\nDim DistOnCurve As Double\nDim NearDist As Double\nDim bRight As Boolean\nDim pMSeg As IMSegmentation\nDim pMs As Variant\nDim pMeas as Variant\n\nSet pGeometry = [Shape]\nSet pPolyline = pGeometry\n\n\nIf Not (pGeometry.IsEmpty) Then\nSet pToPnt = pPolyline.ToPoint\nSet pCurve = pPolyline\nSet pNearPoint = New Point\n      \npCurve.QueryPointAndDistance esriNoExtension, pToPnt, bAsRatio, pNearPoint, DistOnCurve, NearDist, bRight\nSet pMSeg = pCurve\npMs = pMSeg.GetMsAtDistance(DistOnCurve, False)\n      \npMeas = pMs(0)\n\n  If(pMeas &lt;&gt; "1.#QNAN") then\n    pMeas = Round(pMeas,3)\n\n  Else\n  pMeas = 0\n  end if \n\nelse\npMeas = 0\nEnd If\n\n\n" C:\ExtractTemp\CntyExt.mdb\RTE_SEG_ACT</Process><Process ToolSource="C:\Program Files\ArcGIS\ArcToolbox\Toolboxes\Data Management Tools.tbx\CalculateField" Date="20130611" Time="112601">CalculateField C:\ExtractTemp\CntyExt.mdb\RTE_SEG_ACT DIRECTIONA pConCat VB "Dim pDirFld as Variant\nDim pConCat as string\n\npDirFld = [TRAF_DIR] \n\nIf (pDirFld = "I" or pDIrFld = "B") then\n  pConCat = [TIS_CODE]  &amp; "-I"\nElseif ( pDirFld = "D") then\n  pConCat = [TIS_CODE]  &amp; "-D"\nElse\n  pConCat = "Null"\nEnd if \n" C:\ExtractTemp\CntyExt.mdb\RTE_SEG_ACT</Process><Process ToolSource="C:\Program Files\ArcGIS\ArcToolbox\Toolboxes\Data Management Tools.tbx\CopyFeatures" Date="20130611" Time="151706">CopyFeatures C:\ExtractTemp\CntyExt.mdb\RTE_SEG_ACT C:\ExtractTemp\RTE_SEG_ACT.shp # 0 0 0</Process><Process ToolSource="C:\Program Files\ArcGIS\ArcToolbox\Toolboxes\Data Management Tools.tbx\CalculateField" Date="20130611" Time="152814">CalculateField C:\ExtractTemp\RTE_SEG_ACT.shp CNTY_CODE strLtwo VB "dim strTISCode as string\ndim strRfour as string\ndim strLtwo as string\ndim strRTwo as string\n\nstrTISCode = [TIS_CODE] \nstrRfour = Left(strTISCode,4)\nstrRTwo  = Left(strTISCode,2)  \n\nIf  not (strRTwo  = "05" OR strRTwo = "10" OR strRTwo = "20" OR strRTwo = "21" OR strRTwo = "22" OR strRTwo = "23") then\n  strLtwo = RIght(strRfour, 2) \nElse  \n strLtwo = ""\nEnd if \n" C:\ExtractTemp\RTE_SEG_ACT.shp</Process><Process ToolSource="C:\Program Files\ArcGIS\ArcToolbox\Toolboxes\Data Management Tools.tbx\Append" Date="20130611" Time="153124">Append C:\ExtractTemp\DATJUSRIS_RTESEGHIST_EVT.shp C:\ExtractTemp\STATEWIDE_CNTY_EXT.shp TEST # # C:\ExtractTemp\STATEWIDE_CNTY_EXT.shp</Process><Process ToolSource="C:\Program Files\ArcGIS\ArcToolbox\Toolboxes\Data Management Tools.tbx\SelectLayerByLocation" Date="20130611" Time="153128">SelectLayerByLocation STATEWIDE_CNTY_EXT.SHP:line HAVE_THEIR_CENTER_IN SDW_GOVNT.COUNTIES # NEW_SELECTION STATEWIDE_CNTY_EXT.SHP:line</Process><Process ToolSource="C:\Program Files\ArcGIS\ArcToolbox\Toolboxes\Data Management Tools.tbx\CalculateField" Date="20130611" Time="153134">CalculateField STATEWIDE_CNTY_EXT.SHP:line CNTY_CODE2 "39" VB # STATEWIDE_CNTY_EXT.SHP:line</Process><Process ToolSource="C:\Program Files\ArcGIS\ArcToolbox\Toolboxes\Data Management Tools.tbx\SelectLayerByLocation" Date="20130611" Time="153142">SelectLayerByLocation STATEWIDE_CNTY_EXT.SHP:line HAVE_THEIR_CENTER_IN SDW_GOVNT.COUNTIES # NEW_SELECTION STATEWIDE_CNTY_EXT.SHP:line</Process><Process ToolSource="C:\Program Files\ArcGIS\ArcToolbox\Toolboxes\Data Management Tools.tbx\CalculateField" Date="20130611" Time="153152">CalculateField STATEWIDE_CNTY_EXT.SHP:line CNTY_CODE2 "35" VB # STATEWIDE_CNTY_EXT.SHP:line</Process><Process ToolSource="C:\Program Files\ArcGIS\ArcToolbox\Toolboxes\Data Management Tools.tbx\SelectLayerByLocation" Date="20130611" Time="153200">SelectLayerByLocation STATEWIDE_CNTY_EXT.SHP:line HAVE_THEIR_CENTER_IN SDW_GOVNT.COUNTIES # NEW_SELECTION STATEWIDE_CNTY_EXT.SHP:line</Process><Process ToolSource="C:\Program Files\ArcGIS\ArcToolbox\Toolboxes\Data Management Tools.tbx\CalculateField" Date="20130611" Time="153211">CalculateField STATEWIDE_CNTY_EXT.SHP:line CNTY_CODE2 "68" VB # STATEWIDE_CNTY_EXT.SHP:line</Process><Process ToolSource="C:\Program Files\ArcGIS\ArcToolbox\Toolboxes\Data Management Tools.tbx\SelectLayerByLocation" Date="20130611" Time="153218">SelectLayerByLocation STATEWIDE_CNTY_EXT.SHP:line HAVE_THEIR_CENTER_IN SDW_GOVNT.COUNTIES # NEW_SELECTION STATEWIDE_CNTY_EXT.SHP:line</Process><Process ToolSource="C:\Program Files\ArcGIS\ArcToolbox\Toolboxes\Data Management Tools.tbx\CalculateField" Date="20130611" Time="153227">CalculateField STATEWIDE_CNTY_EXT.SHP:line CNTY_CODE2 "36" VB # STATEWIDE_CNTY_EXT.SHP:line</Process><Process ToolSource="C:\Program Files\ArcGIS\ArcToolbox\Toolboxes\Data Management Tools.tbx\SelectLayerByLocation" Date="20130611" Time="153236">SelectLayerByLocation STATEWIDE_CNTY_EXT.SHP:line HAVE_THEIR_CENTER_IN SDW_GOVNT.COUNTIES # NEW_SELECTION STATEWIDE_CNTY_EXT.SHP:line</Process><Process ToolSource="C:\Program Files\ArcGIS\ArcToolbox\Toolboxes\Data Management Tools.tbx\CalculateField" Date="20130611" Time="153249">CalculateField STATEWIDE_CNTY_EXT.SHP:line CNTY_CODE2 "45" VB # STATEWIDE_CNTY_EXT.SHP:line</Process><Process ToolSource="C:\Program Files\ArcGIS\ArcToolbox\Toolboxes\Data Management Tools.tbx\SelectLayerByLocation" Date="20130611" Time="153300">SelectLayerByLocation STATEWIDE_CNTY_EXT.SHP:line HAVE_THEIR_CENTER_IN SDW_GOVNT.COUNTIES # NEW_SELECTION STATEWIDE_CNTY_EXT.SHP:line</Process><Process ToolSource="C:\Program Files\ArcGIS\ArcToolbox\Toolboxes\Data Management Tools.tbx\CalculateField" Date="20130611" Time="153317">CalculateField STATEWIDE_CNTY_EXT.SHP:line CNTY_CODE2 "04" VB # STATEWIDE_CNTY_EXT.SHP:line</Process><Process ToolSource="C:\Program Files\ArcGIS\ArcToolbox\Toolboxes\Data Management Tools.tbx\SelectLayerByLocation" Date="20130611" Time="153329">SelectLayerByLocation STATEWIDE_CNTY_EXT.SHP:line HAVE_THEIR_CENTER_IN SDW_GOVNT.COUNTIES # NEW_SELECTION STATEWIDE_CNTY_EXT.SHP:line</Process><Process ToolSource="C:\Program Files\ArcGIS\ArcToolbox\Toolboxes\Data Management Tools.tbx\CalculateField" Date="20130611" Time="153335">CalculateField STATEWIDE_CNTY_EXT.SHP:line CNTY_CODE2 "16" VB # STATEWIDE_CNTY_EXT.SHP:line</Process><Process ToolSource="C:\Program Files\ArcGIS\ArcToolbox\Toolboxes\Data Management Tools.tbx\SelectLayerByLocation" Date="20130611" Time="153347">SelectLayerByLocation STATEWIDE_CNTY_EXT.SHP:line HAVE_THEIR_CENTER_IN SDW_GOVNT.COUNTIES # NEW_SELECTION STATEWIDE_CNTY_EXT.SHP:line</Process><Process ToolSource="C:\Program Files\ArcGIS\ArcToolbox\Toolboxes\Data Management Tools.tbx\CalculateField" Date="20130611" Time="153406">CalculateField STATEWIDE_CNTY_EXT.SHP:line CNTY_CODE2 "60" VB # STATEWIDE_CNTY_EXT.SHP:line</Process><Process ToolSource="C:\Program Files\ArcGIS\ArcToolbox\Toolboxes\Data Management Tools.tbx\SelectLayerByLocation" Date="20130611" Time="153412">SelectLayerByLocation STATEWIDE_CNTY_EXT.SHP:line HAVE_THEIR_CENTER_IN SDW_GOVNT.COUNTIES # NEW_SELECTION STATEWIDE_CNTY_EXT.SHP:line</Process><Process ToolSource="C:\Program Files\ArcGIS\ArcToolbox\Toolboxes\Data Management Tools.tbx\CalculateField" Date="20130611" Time="153422">CalculateField STATEWIDE_CNTY_EXT.SHP:line CNTY_CODE2 "57" VB # STATEWIDE_CNTY_EXT.SHP:line</Process><Process ToolSource="C:\Program Files\ArcGIS\ArcToolbox\Toolboxes\Data Management Tools.tbx\SelectLayerByLocation" Date="20130611" Time="153430">SelectLayerByLocation STATEWIDE_CNTY_EXT.SHP:line HAVE_THEIR_CENTER_IN SDW_GOVNT.COUNTIES # NEW_SELECTION STATEWIDE_CNTY_EXT.SHP:line</Process><Process ToolSource="C:\Program Files\ArcGIS\ArcToolbox\Toolboxes\Data Management Tools.tbx\CalculateField" Date="20130611" Time="153438">CalculateField STATEWIDE_CNTY_EXT.SHP:line CNTY_CODE2 "38" VB # STATEWIDE_CNTY_EXT.SHP:line</Process><Process ToolSource="C:\Program Files\ArcGIS\ArcToolbox\Toolboxes\Data Management Tools.tbx\SelectLayerByLocation" Date="20130611" Time="153445">SelectLayerByLocation STATEWIDE_CNTY_EXT.SHP:line HAVE_THEIR_CENTER_IN SDW_GOVNT.COUNTIES # NEW_SELECTION STATEWIDE_CNTY_EXT.SHP:line</Process><Process ToolSource="C:\Program Files\ArcGIS\ArcToolbox\Toolboxes\Data Management Tools.tbx\CalculateField" Date="20130611" Time="153453">CalculateField STATEWIDE_CNTY_EXT.SHP:line CNTY_CODE2 "15" VB # STATEWIDE_CNTY_EXT.SHP:line</Process><Process ToolSource="C:\Program Files\ArcGIS\ArcToolbox\Toolboxes\Data Management Tools.tbx\SelectLayerByLocation" Date="20130611" Time="153458">SelectLayerByLocation STATEWIDE_CNTY_EXT.SHP:line HAVE_THEIR_CENTER_IN SDW_GOVNT.COUNTIES # NEW_SELECTION STATEWIDE_CNTY_EXT.SHP:line</Process><Process ToolSource="C:\Program Files\ArcGIS\ArcToolbox\Toolboxes\Data Management Tools.tbx\CalculateField" Date="20130611" Time="153505">CalculateField STATEWIDE_CNTY_EXT.SHP:line CNTY_CODE2 "63" VB # STATEWIDE_CNTY_EXT.SHP:line</Process><Process ToolSource="C:\Program Files\ArcGIS\ArcToolbox\Toolboxes\Data Management Tools.tbx\SelectLayerByLocation" Date="20130611" Time="153529">SelectLayerByLocation STATEWIDE_CNTY_EXT.SHP:line HAVE_THEIR_CENTER_IN SDW_GOVNT.COUNTIES # NEW_SELECTION STATEWIDE_CNTY_EXT.SHP:line</Process><Process ToolSource="C:\Program Files\ArcGIS\ArcToolbox\Toolboxes\Data Management Tools.tbx\CalculateField" Date="20130611" Time="153548">CalculateField STATEWIDE_CNTY_EXT.SHP:line CNTY_CODE2 "31" VB # STATEWIDE_CNTY_EXT.SHP:line</Process><Process ToolSource="C:\Program Files\ArcGIS\ArcToolbox\Toolboxes\Data Management Tools.tbx\SelectLayerByLocation" Date="20130611" Time="153556">SelectLayerByLocation STATEWIDE_CNTY_EXT.SHP:line HAVE_THEIR_CENTER_IN SDW_GOVNT.COUNTIES # NEW_SELECTION STATEWIDE_CNTY_EXT.SHP:line</Process><Process ToolSource="C:\Program Files\ArcGIS\ArcToolbox\Toolboxes\Data Management Tools.tbx\CalculateField" Date="20130611" Time="153605">CalculateField STATEWIDE_CNTY_EXT.SHP:line CNTY_CODE2 "54" VB # STATEWIDE_CNTY_EXT.SHP:line</Process><Process ToolSource="C:\Program Files\ArcGIS\ArcToolbox\Toolboxes\Data Management Tools.tbx\SelectLayerByLocation" Date="20130611" Time="153611">SelectLayerByLocation STATEWIDE_CNTY_EXT.SHP:line HAVE_THEIR_CENTER_IN SDW_GOVNT.COUNTIES # NEW_SELECTION STATEWIDE_CNTY_EXT.SHP:line</Process><Process ToolSource="C:\Program Files\ArcGIS\ArcToolbox\Toolboxes\Data Management Tools.tbx\CalculateField" Date="20130611" Time="153617">CalculateField STATEWIDE_CNTY_EXT.SHP:line CNTY_CODE2 "44" VB # STATEWIDE_CNTY_EXT.SHP:line</Process><Process ToolSource="C:\Program Files\ArcGIS\ArcToolbox\Toolboxes\Data Management Tools.tbx\SelectLayerByLocation" Date="20130611" Time="153626">SelectLayerByLocation STATEWIDE_CNTY_EXT.SHP:line HAVE_THEIR_CENTER_IN SDW_GOVNT.COUNTIES # NEW_SELECTION STATEWIDE_CNTY_EXT.SHP:line</Process><Process ToolSource="C:\Program Files\ArcGIS\ArcToolbox\Toolboxes\Data Management Tools.tbx\CalculateField" Date="20130611" Time="153638">CalculateField STATEWIDE_CNTY_EXT.SHP:line CNTY_CODE2 "29" VB # STATEWIDE_CNTY_EXT.SHP:line</Process><Process ToolSource="C:\Program Files\ArcGIS\ArcToolbox\Toolboxes\Data Management Tools.tbx\SelectLayerByLocation" Date="20130611" Time="153648">SelectLayerByLocation STATEWIDE_CNTY_EXT.SHP:line HAVE_THEIR_CENTER_IN SDW_GOVNT.COUNTIES # NEW_SELECTION STATEWIDE_CNTY_EXT.SHP:line</Process><Process ToolSource="C:\Program Files\ArcGIS\ArcToolbox\Toolboxes\Data Management Tools.tbx\CalculateField" Date="20130611" Time="153705">CalculateField STATEWIDE_CNTY_EXT.SHP:line CNTY_CODE2 "14" VB # STATEWIDE_CNTY_EXT.SHP:line</Process><Process ToolSource="C:\Program Files\ArcGIS\ArcToolbox\Toolboxes\Data Management Tools.tbx\SelectLayerByLocation" Date="20130611" Time="153713">SelectLayerByLocation STATEWIDE_CNTY_EXT.SHP:line HAVE_THEIR_CENTER_IN SDW_GOVNT.COUNTIES # NEW_SELECTION STATEWIDE_CNTY_EXT.SHP:line</Process><Process ToolSource="C:\Program Files\ArcGIS\ArcToolbox\Toolboxes\Data Management Tools.tbx\CalculateField" Date="20130611" Time="153728">CalculateField STATEWIDE_CNTY_EXT.SHP:line CNTY_CODE2 "03" VB # STATEWIDE_CNTY_EXT.SHP:line</Process><Process ToolSource="C:\Program Files\ArcGIS\ArcToolbox\Toolboxes\Data Management Tools.tbx\SelectLayerByLocation" Date="20130611" Time="153734">SelectLayerByLocation STATEWIDE_CNTY_EXT.SHP:line HAVE_THEIR_CENTER_IN SDW_GOVNT.COUNTIES # NEW_SELECTION STATEWIDE_CNTY_EXT.SHP:line</Process><Process ToolSource="C:\Program Files\ArcGIS\ArcToolbox\Toolboxes\Data Management Tools.tbx\CalculateField" Date="20130611" Time="153743">CalculateField STATEWIDE_CNTY_EXT.SHP:line CNTY_CODE2 "80" VB # STATEWIDE_CNTY_EXT.SHP:line</Process><Process ToolSource="C:\Program Files\ArcGIS\ArcToolbox\Toolboxes\Data Management Tools.tbx\SelectLayerByLocation" Date="20130611" Time="153752">SelectLayerByLocation STATEWIDE_CNTY_EXT.SHP:line HAVE_THEIR_CENTER_IN SDW_GOVNT.COUNTIES # NEW_SELECTION STATEWIDE_CNTY_EXT.SHP:line</Process><Process ToolSource="C:\Program Files\ArcGIS\ArcToolbox\Toolboxes\Data Management Tools.tbx\CalculateField" Date="20130611" Time="153803">CalculateField STATEWIDE_CNTY_EXT.SHP:line CNTY_CODE2 "09" VB # STATEWIDE_CNTY_EXT.SHP:line</Process><Process ToolSource="C:\Program Files\ArcGIS\ArcToolbox\Toolboxes\Data Management Tools.tbx\SelectLayerByLocation" Date="20130611" Time="153814">SelectLayerByLocation STATEWIDE_CNTY_EXT.SHP:line HAVE_THEIR_CENTER_IN SDW_GOVNT.COUNTIES # NEW_SELECTION STATEWIDE_CNTY_EXT.SHP:line</Process><Process ToolSource="C:\Program Files\ArcGIS\ArcToolbox\Toolboxes\Data Management Tools.tbx\CalculateField" Date="20130611" Time="153837">CalculateField STATEWIDE_CNTY_EXT.SHP:line CNTY_CODE2 "56" VB # STATEWIDE_CNTY_EXT.SHP:line</Process><Process ToolSource="C:\Program Files\ArcGIS\ArcToolbox\Toolboxes\Data Management Tools.tbx\SelectLayerByLocation" Date="20130611" Time="153845">SelectLayerByLocation STATEWIDE_CNTY_EXT.SHP:line HAVE_THEIR_CENTER_IN SDW_GOVNT.COUNTIES # NEW_SELECTION STATEWIDE_CNTY_EXT.SHP:line</Process><Process ToolSource="C:\Program Files\ArcGIS\ArcToolbox\Toolboxes\Data Management Tools.tbx\CalculateField" Date="20130611" Time="153855">CalculateField STATEWIDE_CNTY_EXT.SHP:line CNTY_CODE2 "84" VB # STATEWIDE_CNTY_EXT.SHP:line</Process><Process ToolSource="C:\Program Files\ArcGIS\ArcToolbox\Toolboxes\Data Management Tools.tbx\SelectLayerByLocation" Date="20130611" Time="153904">SelectLayerByLocation STATEWIDE_CNTY_EXT.SHP:line HAVE_THEIR_CENTER_IN SDW_GOVNT.COUNTIES # NEW_SELECTION STATEWIDE_CNTY_EXT.SHP:line</Process><Process ToolSource="C:\Program Files\ArcGIS\ArcToolbox\Toolboxes\Data Management Tools.tbx\CalculateField" Date="20130611" Time="153916">CalculateField STATEWIDE_CNTY_EXT.SHP:line CNTY_CODE2 "58" VB # STATEWIDE_CNTY_EXT.SHP:line</Process><Process ToolSource="C:\Program Files\ArcGIS\ArcToolbox\Toolboxes\Data Management Tools.tbx\SelectLayerByLocation" Date="20130611" Time="153925">SelectLayerByLocation STATEWIDE_CNTY_EXT.SHP:line HAVE_THEIR_CENTER_IN SDW_GOVNT.COUNTIES # NEW_SELECTION STATEWIDE_CNTY_EXT.SHP:line</Process><Process ToolSource="C:\Program Files\ArcGIS\ArcToolbox\Toolboxes\Data Management Tools.tbx\CalculateField" Date="20130611" Time="153937">CalculateField STATEWIDE_CNTY_EXT.SHP:line CNTY_CODE2 "77" VB # STATEWIDE_CNTY_EXT.SHP:line</Process><Process ToolSource="C:\Program Files\ArcGIS\ArcToolbox\Toolboxes\Data Management Tools.tbx\SelectLayerByLocation" Date="20130611" Time="153944">SelectLayerByLocation STATEWIDE_CNTY_EXT.SHP:line HAVE_THEIR_CENTER_IN SDW_GOVNT.COUNTIES # NEW_SELECTION STATEWIDE_CNTY_EXT.SHP:line</Process><Process ToolSource="C:\Program Files\ArcGIS\ArcToolbox\Toolboxes\Data Management Tools.tbx\CalculateField" Date="20130611" Time="153952">CalculateField STATEWIDE_CNTY_EXT.SHP:line CNTY_CODE2 "33" VB # STATEWIDE_CNTY_EXT.SHP:line</Process><Process ToolSource="C:\Program Files\ArcGIS\ArcToolbox\Toolboxes\Data Management Tools.tbx\SelectLayerByLocation" Date="20130611" Time="153958">SelectLayerByLocation STATEWIDE_CNTY_EXT.SHP:line HAVE_THEIR_CENTER_IN SDW_GOVNT.COUNTIES # NEW_SELECTION STATEWIDE_CNTY_EXT.SHP:line</Process><Process ToolSource="C:\Program Files\ArcGIS\ArcToolbox\Toolboxes\Data Management Tools.tbx\CalculateField" Date="20130611" Time="154006">CalculateField STATEWIDE_CNTY_EXT.SHP:line CNTY_CODE2 "26" VB # STATEWIDE_CNTY_EXT.SHP:line</Process><Process ToolSource="C:\Program Files\ArcGIS\ArcToolbox\Toolboxes\Data Management Tools.tbx\SelectLayerByLocation" Date="20130611" Time="154015">SelectLayerByLocation STATEWIDE_CNTY_EXT.SHP:line HAVE_THEIR_CENTER_IN SDW_GOVNT.COUNTIES # NEW_SELECTION STATEWIDE_CNTY_EXT.SHP:line</Process><Process ToolSource="C:\Program Files\ArcGIS\ArcToolbox\Toolboxes\Data Management Tools.tbx\CalculateField" Date="20130611" Time="154029">CalculateField STATEWIDE_CNTY_EXT.SHP:line CNTY_CODE2 "21" VB # STATEWIDE_CNTY_EXT.SHP:line</Process><Process ToolSource="C:\Program Files\ArcGIS\ArcToolbox\Toolboxes\Data Management Tools.tbx\SelectLayerByLocation" Date="20130611" Time="154035">SelectLayerByLocation STATEWIDE_CNTY_EXT.SHP:line HAVE_THEIR_CENTER_IN SDW_GOVNT.COUNTIES # NEW_SELECTION STATEWIDE_CNTY_EXT.SHP:line</Process><Process ToolSource="C:\Program Files\ArcGIS\ArcToolbox\Toolboxes\Data Management Tools.tbx\CalculateField" Date="20130611" Time="154043">CalculateField STATEWIDE_CNTY_EXT.SHP:line CNTY_CODE2 "78" VB # STATEWIDE_CNTY_EXT.SHP:line</Process><Process ToolSource="C:\Program Files\ArcGIS\ArcToolbox\Toolboxes\Data Management Tools.tbx\SelectLayerByLocation" Date="20130611" Time="154052">SelectLayerByLocation STATEWIDE_CNTY_EXT.SHP:line HAVE_THEIR_CENTER_IN SDW_GOVNT.COUNTIES # NEW_SELECTION STATEWIDE_CNTY_EXT.SHP:line</Process><Process ToolSource="C:\Program Files\ArcGIS\ArcToolbox\Toolboxes\Data Management Tools.tbx\CalculateField" Date="20130611" Time="154103">CalculateField STATEWIDE_CNTY_EXT.SHP:line CNTY_CODE2 "05" VB # STATEWIDE_CNTY_EXT.SHP:line</Process><Process ToolSource="C:\Program Files\ArcGIS\ArcToolbox\Toolboxes\Data Management Tools.tbx\SelectLayerByLocation" Date="20130611" Time="154110">SelectLayerByLocation STATEWIDE_CNTY_EXT.SHP:line HAVE_THEIR_CENTER_IN SDW_GOVNT.COUNTIES # NEW_SELECTION STATEWIDE_CNTY_EXT.SHP:line</Process><Process ToolSource="C:\Program Files\ArcGIS\ArcToolbox\Toolboxes\Data Management Tools.tbx\CalculateField" Date="20130611" Time="154118">CalculateField STATEWIDE_CNTY_EXT.SHP:line CNTY_CODE2 "75" VB # STATEWIDE_CNTY_EXT.SHP:line</Process><Process ToolSource="C:\Program Files\ArcGIS\ArcToolbox\Toolboxes\Data Management Tools.tbx\SelectLayerByLocation" Date="20130611" Time="154132">SelectLayerByLocation STATEWIDE_CNTY_EXT.SHP:line HAVE_THEIR_CENTER_IN SDW_GOVNT.COUNTIES # NEW_SELECTION STATEWIDE_CNTY_EXT.SHP:line</Process><Process ToolSource="C:\Program Files\ArcGIS\ArcToolbox\Toolboxes\Data Management Tools.tbx\CalculateField" Date="20130611" Time="154201">CalculateField STATEWIDE_CNTY_EXT.SHP:line CNTY_CODE2 "73" VB # STATEWIDE_CNTY_EXT.SHP:line</Process><Process ToolSource="C:\Program Files\ArcGIS\ArcToolbox\Toolboxes\Data Management Tools.tbx\SelectLayerByLocation" Date="20130611" Time="154209">SelectLayerByLocation STATEWIDE_CNTY_EXT.SHP:line HAVE_THEIR_CENTER_IN SDW_GOVNT.COUNTIES # NEW_SELECTION STATEWIDE_CNTY_EXT.SHP:line</Process><Process ToolSource="C:\Program Files\ArcGIS\ArcToolbox\Toolboxes\Data Management Tools.tbx\CalculateField" Date="20130611" Time="154218">CalculateField STATEWIDE_CNTY_EXT.SHP:line CNTY_CODE2 "61" VB # STATEWIDE_CNTY_EXT.SHP:line</Process><Process ToolSource="C:\Program Files\ArcGIS\ArcToolbox\Toolboxes\Data Management Tools.tbx\SelectLayerByLocation" Date="20130611" Time="154227">SelectLayerByLocation STATEWIDE_CNTY_EXT.SHP:line HAVE_THEIR_CENTER_IN SDW_GOVNT.COUNTIES # NEW_SELECTION STATEWIDE_CNTY_EXT.SHP:line</Process><Process ToolSource="C:\Program Files\ArcGIS\ArcToolbox\Toolboxes\Data Management Tools.tbx\CalculateField" Date="20130611" Time="154237">CalculateField STATEWIDE_CNTY_EXT.SHP:line CNTY_CODE2 "30" VB # STATEWIDE_CNTY_EXT.SHP:line</Process><Process ToolSource="C:\Program Files\ArcGIS\ArcToolbox\Toolboxes\Data Management Tools.tbx\SelectLayerByLocation" Date="20130611" Time="154246">SelectLayerByLocation STATEWIDE_CNTY_EXT.SHP:line HAVE_THEIR_CENTER_IN SDW_GOVNT.COUNTIES # NEW_SELECTION STATEWIDE_CNTY_EXT.SHP:line</Process><Process ToolSource="C:\Program Files\ArcGIS\ArcToolbox\Toolboxes\Data Management Tools.tbx\CalculateField" Date="20130611" Time="154259">CalculateField STATEWIDE_CNTY_EXT.SHP:line CNTY_CODE2 "13" VB # STATEWIDE_CNTY_EXT.SHP:line</Process><Process ToolSource="C:\Program Files\ArcGIS\ArcToolbox\Toolboxes\Data Management Tools.tbx\SelectLayerByLocation" Date="20130611" Time="154305">SelectLayerByLocation STATEWIDE_CNTY_EXT.SHP:line HAVE_THEIR_CENTER_IN SDW_GOVNT.COUNTIES # NEW_SELECTION STATEWIDE_CNTY_EXT.SHP:line</Process><Process ToolSource="C:\Program Files\ArcGIS\ArcToolbox\Toolboxes\Data Management Tools.tbx\CalculateField" Date="20130611" Time="154312">CalculateField STATEWIDE_CNTY_EXT.SHP:line CNTY_CODE2 "06" VB # STATEWIDE_CNTY_EXT.SHP:line</Process><Process ToolSource="C:\Program Files\ArcGIS\ArcToolbox\Toolboxes\Data Management Tools.tbx\SelectLayerByLocation" Date="20130611" Time="154323">SelectLayerByLocation STATEWIDE_CNTY_EXT.SHP:line HAVE_THEIR_CENTER_IN SDW_GOVNT.COUNTIES # NEW_SELECTION STATEWIDE_CNTY_EXT.SHP:line</Process><Process ToolSource="C:\Program Files\ArcGIS\ArcToolbox\Toolboxes\Data Management Tools.tbx\CalculateField" Date="20130611" Time="154340">CalculateField STATEWIDE_CNTY_EXT.SHP:line CNTY_CODE2 "71" VB # STATEWIDE_CNTY_EXT.SHP:line</Process><Process ToolSource="C:\Program Files\ArcGIS\ArcToolbox\Toolboxes\Data Management Tools.tbx\SelectLayerByLocation" Date="20130611" Time="154347">SelectLayerByLocation STATEWIDE_CNTY_EXT.SHP:line HAVE_THEIR_CENTER_IN SDW_GOVNT.COUNTIES # NEW_SELECTION STATEWIDE_CNTY_EXT.SHP:line</Process><Process ToolSource="C:\Program Files\ArcGIS\ArcToolbox\Toolboxes\Data Management Tools.tbx\CalculateField" Date="20130611" Time="154357">CalculateField STATEWIDE_CNTY_EXT.SHP:line CNTY_CODE2 "76" VB # STATEWIDE_CNTY_EXT.SHP:line</Process><Process ToolSource="C:\Program Files\ArcGIS\ArcToolbox\Toolboxes\Data Management Tools.tbx\SelectLayerByLocation" Date="20130611" Time="154404">SelectLayerByLocation STATEWIDE_CNTY_EXT.SHP:line HAVE_THEIR_CENTER_IN SDW_GOVNT.COUNTIES # NEW_SELECTION STATEWIDE_CNTY_EXT.SHP:line</Process><Process ToolSource="C:\Program Files\ArcGIS\ArcToolbox\Toolboxes\Data Management Tools.tbx\CalculateField" Date="20130611" Time="154419">CalculateField STATEWIDE_CNTY_EXT.SHP:line CNTY_CODE2 "34" VB # STATEWIDE_CNTY_EXT.SHP:line</Process><Process ToolSource="C:\Program Files\ArcGIS\ArcToolbox\Toolboxes\Data Management Tools.tbx\SelectLayerByLocation" Date="20130611" Time="154434">SelectLayerByLocation STATEWIDE_CNTY_EXT.SHP:line HAVE_THEIR_CENTER_IN SDW_GOVNT.COUNTIES # NEW_SELECTION STATEWIDE_CNTY_EXT.SHP:line</Process><Process ToolSource="C:\Program Files\ArcGIS\ArcToolbox\Toolboxes\Data Management Tools.tbx\CalculateField" Date="20130611" Time="154459">CalculateField STATEWIDE_CNTY_EXT.SHP:line CNTY_CODE2 "86" VB # STATEWIDE_CNTY_EXT.SHP:line</Process><Process ToolSource="C:\Program Files\ArcGIS\ArcToolbox\Toolboxes\Data Management Tools.tbx\SelectLayerByLocation" Date="20130611" Time="154516">SelectLayerByLocation STATEWIDE_CNTY_EXT.SHP:line HAVE_THEIR_CENTER_IN SDW_GOVNT.COUNTIES # NEW_SELECTION STATEWIDE_CNTY_EXT.SHP:line</Process><Process ToolSource="C:\Program Files\ArcGIS\ArcToolbox\Toolboxes\Data Management Tools.tbx\CalculateField" Date="20130611" Time="154605">CalculateField STATEWIDE_CNTY_EXT.SHP:line CNTY_CODE2 "02" VB # STATEWIDE_CNTY_EXT.SHP:line</Process><Process ToolSource="C:\Program Files\ArcGIS\ArcToolbox\Toolboxes\Data Management Tools.tbx\SelectLayerByLocation" Date="20130611" Time="154612">SelectLayerByLocation STATEWIDE_CNTY_EXT.SHP:line HAVE_THEIR_CENTER_IN SDW_GOVNT.COUNTIES # NEW_SELECTION STATEWIDE_CNTY_EXT.SHP:line</Process><Process ToolSource="C:\Program Files\ArcGIS\ArcToolbox\Toolboxes\Data Management Tools.tbx\CalculateField" Date="20130611" Time="154623">CalculateField STATEWIDE_CNTY_EXT.SHP:line CNTY_CODE2 "47" VB # STATEWIDE_CNTY_EXT.SHP:line</Process><Process ToolSource="C:\Program Files\ArcGIS\ArcToolbox\Toolboxes\Data Management Tools.tbx\SelectLayerByLocation" Date="20130611" Time="154631">SelectLayerByLocation STATEWIDE_CNTY_EXT.SHP:line HAVE_THEIR_CENTER_IN SDW_GOVNT.COUNTIES # NEW_SELECTION STATEWIDE_CNTY_EXT.SHP:line</Process><Process ToolSource="C:\Program Files\ArcGIS\ArcToolbox\Toolboxes\Data Management Tools.tbx\CalculateField" Date="20130611" Time="154639">CalculateField STATEWIDE_CNTY_EXT.SHP:line CNTY_CODE2 "37" VB # STATEWIDE_CNTY_EXT.SHP:line</Process><Process ToolSource="C:\Program Files\ArcGIS\ArcToolbox\Toolboxes\Data Management Tools.tbx\SelectLayerByLocation" Date="20130611" Time="154652">SelectLayerByLocation STATEWIDE_CNTY_EXT.SHP:line HAVE_THEIR_CENTER_IN SDW_GOVNT.COUNTIES # NEW_SELECTION STATEWIDE_CNTY_EXT.SHP:line</Process><Process ToolSource="C:\Program Files\ArcGIS\ArcToolbox\Toolboxes\Data Management Tools.tbx\CalculateField" Date="20130611" Time="154726">CalculateField STATEWIDE_CNTY_EXT.SHP:line CNTY_CODE2 "82" VB # STATEWIDE_CNTY_EXT.SHP:line</Process><Process ToolSource="C:\Program Files\ArcGIS\ArcToolbox\Toolboxes\Data Management Tools.tbx\SelectLayerByLocation" Date="20130611" Time="154754">SelectLayerByLocation STATEWIDE_CNTY_EXT.SHP:line HAVE_THEIR_CENTER_IN SDW_GOVNT.COUNTIES # NEW_SELECTION STATEWIDE_CNTY_EXT.SHP:line</Process><Process ToolSource="C:\Program Files\ArcGIS\ArcToolbox\Toolboxes\Data Management Tools.tbx\CalculateField" Date="20130611" Time="154922">CalculateField STATEWIDE_CNTY_EXT.SHP:line CNTY_CODE2 "27" VB # STATEWIDE_CNTY_EXT.SHP:line</Process><Process ToolSource="C:\Program Files\ArcGIS\ArcToolbox\Toolboxes\Data Management Tools.tbx\SelectLayerByLocation" Date="20130611" Time="154930">SelectLayerByLocation STATEWIDE_CNTY_EXT.SHP:line HAVE_THEIR_CENTER_IN SDW_GOVNT.COUNTIES # NEW_SELECTION STATEWIDE_CNTY_EXT.SHP:line</Process><Process ToolSource="C:\Program Files\ArcGIS\ArcToolbox\Toolboxes\Data Management Tools.tbx\CalculateField" Date="20130611" Time="154939">CalculateField STATEWIDE_CNTY_EXT.SHP:line CNTY_CODE2 "12" VB # STATEWIDE_CNTY_EXT.SHP:line</Process><Process ToolSource="C:\Program Files\ArcGIS\ArcToolbox\Toolboxes\Data Management Tools.tbx\SelectLayerByLocation" Date="20130611" Time="154954">SelectLayerByLocation STATEWIDE_CNTY_EXT.SHP:line HAVE_THEIR_CENTER_IN SDW_GOVNT.COUNTIES # NEW_SELECTION STATEWIDE_CNTY_EXT.SHP:line</Process><Process ToolSource="C:\Program Files\ArcGIS\ArcToolbox\Toolboxes\Data Management Tools.tbx\CalculateField" Date="20130611" Time="155049">CalculateField STATEWIDE_CNTY_EXT.SHP:line CNTY_CODE2 "62" VB # STATEWIDE_CNTY_EXT.SHP:line</Process><Process ToolSource="C:\Program Files\ArcGIS\ArcToolbox\Toolboxes\Data Management Tools.tbx\SelectLayerByLocation" Date="20130611" Time="155056">SelectLayerByLocation STATEWIDE_CNTY_EXT.SHP:line HAVE_THEIR_CENTER_IN SDW_GOVNT.COUNTIES # NEW_SELECTION STATEWIDE_CNTY_EXT.SHP:line</Process><Process ToolSource="C:\Program Files\ArcGIS\ArcToolbox\Toolboxes\Data Management Tools.tbx\CalculateField" Date="20130611" Time="155107">CalculateField STATEWIDE_CNTY_EXT.SHP:line CNTY_CODE2 "43" VB # STATEWIDE_CNTY_EXT.SHP:line</Process><Process ToolSource="C:\Program Files\ArcGIS\ArcToolbox\Toolboxes\Data Management Tools.tbx\SelectLayerByLocation" Date="20130611" Time="155116">SelectLayerByLocation STATEWIDE_CNTY_EXT.SHP:line HAVE_THEIR_CENTER_IN SDW_GOVNT.COUNTIES # NEW_SELECTION STATEWIDE_CNTY_EXT.SHP:line</Process><Process ToolSource="C:\Program Files\ArcGIS\ArcToolbox\Toolboxes\Data Management Tools.tbx\CalculateField" Date="20130611" Time="155132">CalculateField STATEWIDE_CNTY_EXT.SHP:line CNTY_CODE2 "10" VB # STATEWIDE_CNTY_EXT.SHP:line</Process><Process ToolSource="C:\Program Files\ArcGIS\ArcToolbox\Toolboxes\Data Management Tools.tbx\SelectLayerByLocation" Date="20130611" Time="155139">SelectLayerByLocation STATEWIDE_CNTY_EXT.SHP:line HAVE_THEIR_CENTER_IN SDW_GOVNT.COUNTIES # NEW_SELECTION STATEWIDE_CNTY_EXT.SHP:line</Process><Process ToolSource="C:\Program Files\ArcGIS\ArcToolbox\Toolboxes\Data Management Tools.tbx\CalculateField" Date="20130611" Time="155149">CalculateField STATEWIDE_CNTY_EXT.SHP:line CNTY_CODE2 "87" VB # STATEWIDE_CNTY_EXT.SHP:line</Process><Process ToolSource="C:\Program Files\ArcGIS\ArcToolbox\Toolboxes\Data Management Tools.tbx\SelectLayerByLocation" Date="20130611" Time="155202">SelectLayerByLocation STATEWIDE_CNTY_EXT.SHP:line HAVE_THEIR_CENTER_IN SDW_GOVNT.COUNTIES # NEW_SELECTION STATEWIDE_CNTY_EXT.SHP:line</Process><Process ToolSource="C:\Program Files\ArcGIS\ArcToolbox\Toolboxes\Data Management Tools.tbx\CalculateField" Date="20130611" Time="155252">CalculateField STATEWIDE_CNTY_EXT.SHP:line CNTY_CODE2 "19" VB # STATEWIDE_CNTY_EXT.SHP:line</Process><Process ToolSource="C:\Program Files\ArcGIS\ArcToolbox\Toolboxes\Data Management Tools.tbx\SelectLayerByLocation" Date="20130611" Time="155259">SelectLayerByLocation STATEWIDE_CNTY_EXT.SHP:line HAVE_THEIR_CENTER_IN SDW_GOVNT.COUNTIES # NEW_SELECTION STATEWIDE_CNTY_EXT.SHP:line</Process><Process ToolSource="C:\Program Files\ArcGIS\ArcToolbox\Toolboxes\Data Management Tools.tbx\CalculateField" Date="20130611" Time="155310">CalculateField STATEWIDE_CNTY_EXT.SHP:line CNTY_CODE2 "65" VB # STATEWIDE_CNTY_EXT.SHP:line</Process><Process ToolSource="C:\Program Files\ArcGIS\ArcToolbox\Toolboxes\Data Management Tools.tbx\SelectLayerByLocation" Date="20130611" Time="155316">SelectLayerByLocation STATEWIDE_CNTY_EXT.SHP:line HAVE_THEIR_CENTER_IN SDW_GOVNT.COUNTIES # NEW_SELECTION STATEWIDE_CNTY_EXT.SHP:line</Process><Process ToolSource="C:\Program Files\ArcGIS\ArcToolbox\Toolboxes\Data Management Tools.tbx\CalculateField" Date="20130611" Time="155325">CalculateField STATEWIDE_CNTY_EXT.SHP:line CNTY_CODE2 "72" VB # STATEWIDE_CNTY_EXT.SHP:line</Process><Process ToolSource="C:\Program Files\ArcGIS\ArcToolbox\Toolboxes\Data Management Tools.tbx\SelectLayerByLocation" Date="20130611" Time="155332">SelectLayerByLocation STATEWIDE_CNTY_EXT.SHP:line HAVE_THEIR_CENTER_IN SDW_GOVNT.COUNTIES # NEW_SELECTION STATEWIDE_CNTY_EXT.SHP:line</Process><Process ToolSource="C:\Program Files\ArcGIS\ArcToolbox\Toolboxes\Data Management Tools.tbx\CalculateField" Date="20130611" Time="155342">CalculateField STATEWIDE_CNTY_EXT.SHP:line CNTY_CODE2 "64" VB # STATEWIDE_CNTY_EXT.SHP:line</Process><Process ToolSource="C:\Program Files\ArcGIS\ArcToolbox\Toolboxes\Data Management Tools.tbx\SelectLayerByLocation" Date="20130611" Time="155350">SelectLayerByLocation STATEWIDE_CNTY_EXT.SHP:line HAVE_THEIR_CENTER_IN SDW_GOVNT.COUNTIES # NEW_SELECTION STATEWIDE_CNTY_EXT.SHP:line</Process><Process ToolSource="C:\Program Files\ArcGIS\ArcToolbox\Toolboxes\Data Management Tools.tbx\CalculateField" Date="20130611" Time="155404">CalculateField STATEWIDE_CNTY_EXT.SHP:line CNTY_CODE2 "25" VB # STATEWIDE_CNTY_EXT.SHP:line</Process><Process ToolSource="C:\Program Files\ArcGIS\ArcToolbox\Toolboxes\Data Management Tools.tbx\SelectLayerByLocation" Date="20130611" Time="155410">SelectLayerByLocation STATEWIDE_CNTY_EXT.SHP:line HAVE_THEIR_CENTER_IN SDW_GOVNT.COUNTIES # NEW_SELECTION STATEWIDE_CNTY_EXT.SHP:line</Process><Process ToolSource="C:\Program Files\ArcGIS\ArcToolbox\Toolboxes\Data Management Tools.tbx\CalculateField" Date="20130611" Time="155417">CalculateField STATEWIDE_CNTY_EXT.SHP:line CNTY_CODE2 "41" VB # STATEWIDE_CNTY_EXT.SHP:line</Process><Process ToolSource="C:\Program Files\ArcGIS\ArcToolbox\Toolboxes\Data Management Tools.tbx\SelectLayerByLocation" Date="20130611" Time="155423">SelectLayerByLocation STATEWIDE_CNTY_EXT.SHP:line HAVE_THEIR_CENTER_IN SDW_GOVNT.COUNTIES # NEW_SELECTION STATEWIDE_CNTY_EXT.SHP:line</Process><Process ToolSource="C:\Program Files\ArcGIS\ArcToolbox\Toolboxes\Data Management Tools.tbx\CalculateField" Date="20130611" Time="155434">CalculateField STATEWIDE_CNTY_EXT.SHP:line CNTY_CODE2 "42" VB # STATEWIDE_CNTY_EXT.SHP:line</Process><Process ToolSource="C:\Program Files\ArcGIS\ArcToolbox\Toolboxes\Data Management Tools.tbx\SelectLayerByLocation" Date="20130611" Time="155441">SelectLayerByLocation STATEWIDE_CNTY_EXT.SHP:line HAVE_THEIR_CENTER_IN SDW_GOVNT.COUNTIES # NEW_SELECTION STATEWIDE_CNTY_EXT.SHP:line</Process><Process ToolSource="C:\Program Files\ArcGIS\ArcToolbox\Toolboxes\Data Management Tools.tbx\CalculateField" Date="20130611" Time="155451">CalculateField STATEWIDE_CNTY_EXT.SHP:line CNTY_CODE2 "08" VB # STATEWIDE_CNTY_EXT.SHP:line</Process><Process ToolSource="C:\Program Files\ArcGIS\ArcToolbox\Toolboxes\Data Management Tools.tbx\SelectLayerByLocation" Date="20130611" Time="155459">SelectLayerByLocation STATEWIDE_CNTY_EXT.SHP:line HAVE_THEIR_CENTER_IN SDW_GOVNT.COUNTIES # NEW_SELECTION STATEWIDE_CNTY_EXT.SHP:line</Process><Process ToolSource="C:\Program Files\ArcGIS\ArcToolbox\Toolboxes\Data Management Tools.tbx\CalculateField" Date="20130611" Time="155509">CalculateField STATEWIDE_CNTY_EXT.SHP:line CNTY_CODE2 "52" VB # STATEWIDE_CNTY_EXT.SHP:line</Process><Process ToolSource="C:\Program Files\ArcGIS\ArcToolbox\Toolboxes\Data Management Tools.tbx\SelectLayerByLocation" Date="20130611" Time="155515">SelectLayerByLocation STATEWIDE_CNTY_EXT.SHP:line HAVE_THEIR_CENTER_IN SDW_GOVNT.COUNTIES # NEW_SELECTION STATEWIDE_CNTY_EXT.SHP:line</Process><Process ToolSource="C:\Program Files\ArcGIS\ArcToolbox\Toolboxes\Data Management Tools.tbx\CalculateField" Date="20130611" Time="155526">CalculateField STATEWIDE_CNTY_EXT.SHP:line CNTY_CODE2 "79" VB # STATEWIDE_CNTY_EXT.SHP:line</Process><Process ToolSource="C:\Program Files\ArcGIS\ArcToolbox\Toolboxes\Data Management Tools.tbx\SelectLayerByLocation" Date="20130611" Time="155535">SelectLayerByLocation STATEWIDE_CNTY_EXT.SHP:line HAVE_THEIR_CENTER_IN SDW_GOVNT.COUNTIES # NEW_SELECTION STATEWIDE_CNTY_EXT.SHP:line</Process><Process ToolSource="C:\Program Files\ArcGIS\ArcToolbox\Toolboxes\Data Management Tools.tbx\CalculateField" Date="20130611" Time="155551">CalculateField STATEWIDE_CNTY_EXT.SHP:line CNTY_CODE2 "07" VB # STATEWIDE_CNTY_EXT.SHP:line</Process><Process ToolSource="C:\Program Files\ArcGIS\ArcToolbox\Toolboxes\Data Management Tools.tbx\SelectLayerByLocation" Date="20130611" Time="155557">SelectLayerByLocation STATEWIDE_CNTY_EXT.SHP:line HAVE_THEIR_CENTER_IN SDW_GOVNT.COUNTIES # NEW_SELECTION STATEWIDE_CNTY_EXT.SHP:line</Process><Process ToolSource="C:\Program Files\ArcGIS\ArcToolbox\Toolboxes\Data Management Tools.tbx\CalculateField" Date="20130611" Time="155605">CalculateField STATEWIDE_CNTY_EXT.SHP:line CNTY_CODE2 "59" VB # STATEWIDE_CNTY_EXT.SHP:line</Process><Process ToolSource="C:\Program Files\ArcGIS\ArcToolbox\Toolboxes\Data Management Tools.tbx\SelectLayerByLocation" Date="20130611" Time="155610">SelectLayerByLocation STATEWIDE_CNTY_EXT.SHP:line HAVE_THEIR_CENTER_IN SDW_GOVNT.COUNTIES # NEW_SELECTION STATEWIDE_CNTY_EXT.SHP:line</Process><Process ToolSource="C:\Program Files\ArcGIS\ArcToolbox\Toolboxes\Data Management Tools.tbx\CalculateField" Date="20130611" Time="155619">CalculateField STATEWIDE_CNTY_EXT.SHP:line CNTY_CODE2 "51" VB # STATEWIDE_CNTY_EXT.SHP:line</Process><Process ToolSource="C:\Program Files\ArcGIS\ArcToolbox\Toolboxes\Data Management Tools.tbx\SelectLayerByLocation" Date="20130611" Time="155625">SelectLayerByLocation STATEWIDE_CNTY_EXT.SHP:line HAVE_THEIR_CENTER_IN SDW_GOVNT.COUNTIES # NEW_SELECTION STATEWIDE_CNTY_EXT.SHP:line</Process><Process ToolSource="C:\Program Files\ArcGIS\ArcToolbox\Toolboxes\Data Management Tools.tbx\CalculateField" Date="20130611" Time="155633">CalculateField STATEWIDE_CNTY_EXT.SHP:line CNTY_CODE2 "17" VB # STATEWIDE_CNTY_EXT.SHP:line</Process><Process ToolSource="C:\Program Files\ArcGIS\ArcToolbox\Toolboxes\Data Management Tools.tbx\SelectLayerByLocation" Date="20130611" Time="155640">SelectLayerByLocation STATEWIDE_CNTY_EXT.SHP:line HAVE_THEIR_CENTER_IN SDW_GOVNT.COUNTIES # NEW_SELECTION STATEWIDE_CNTY_EXT.SHP:line</Process><Process ToolSource="C:\Program Files\ArcGIS\ArcToolbox\Toolboxes\Data Management Tools.tbx\CalculateField" Date="20130611" Time="155653">CalculateField STATEWIDE_CNTY_EXT.SHP:line CNTY_CODE2 "85" VB # STATEWIDE_CNTY_EXT.SHP:line</Process><Process ToolSource="C:\Program Files\ArcGIS\ArcToolbox\Toolboxes\Data Management Tools.tbx\SelectLayerByLocation" Date="20130611" Time="155659">SelectLayerByLocation STATEWIDE_CNTY_EXT.SHP:line HAVE_THEIR_CENTER_IN SDW_GOVNT.COUNTIES # NEW_SELECTION STATEWIDE_CNTY_EXT.SHP:line</Process><Process ToolSource="C:\Program Files\ArcGIS\ArcToolbox\Toolboxes\Data Management Tools.tbx\CalculateField" Date="20130611" Time="155709">CalculateField STATEWIDE_CNTY_EXT.SHP:line CNTY_CODE2 "74" VB # STATEWIDE_CNTY_EXT.SHP:line</Process><Process ToolSource="C:\Program Files\ArcGIS\ArcToolbox\Toolboxes\Data Management Tools.tbx\SelectLayerByLocation" Date="20130611" Time="155715">SelectLayerByLocation STATEWIDE_CNTY_EXT.SHP:line HAVE_THEIR_CENTER_IN SDW_GOVNT.COUNTIES # NEW_SELECTION STATEWIDE_CNTY_EXT.SHP:line</Process><Process ToolSource="C:\Program Files\ArcGIS\ArcToolbox\Toolboxes\Data Management Tools.tbx\CalculateField" Date="20130611" Time="155724">CalculateField STATEWIDE_CNTY_EXT.SHP:line CNTY_CODE2 "20" VB # STATEWIDE_CNTY_EXT.SHP:line</Process><Process ToolSource="C:\Program Files\ArcGIS\ArcToolbox\Toolboxes\Data Management Tools.tbx\SelectLayerByLocation" Date="20130611" Time="155732">SelectLayerByLocation STATEWIDE_CNTY_EXT.SHP:line HAVE_THEIR_CENTER_IN SDW_GOVNT.COUNTIES # NEW_SELECTION STATEWIDE_CNTY_EXT.SHP:line</Process><Process ToolSource="C:\Program Files\ArcGIS\ArcToolbox\Toolboxes\Data Management Tools.tbx\CalculateField" Date="20130611" Time="155754">CalculateField STATEWIDE_CNTY_EXT.SHP:line CNTY_CODE2 "55" VB # STATEWIDE_CNTY_EXT.SHP:line</Process><Process ToolSource="C:\Program Files\ArcGIS\ArcToolbox\Toolboxes\Data Management Tools.tbx\SelectLayerByLocation" Date="20130611" Time="155800">SelectLayerByLocation STATEWIDE_CNTY_EXT.SHP:line HAVE_THEIR_CENTER_IN SDW_GOVNT.COUNTIES # NEW_SELECTION STATEWIDE_CNTY_EXT.SHP:line</Process><Process ToolSource="C:\Program Files\ArcGIS\ArcToolbox\Toolboxes\Data Management Tools.tbx\CalculateField" Date="20130611" Time="155809">CalculateField STATEWIDE_CNTY_EXT.SHP:line CNTY_CODE2 "83" VB # STATEWIDE_CNTY_EXT.SHP:line</Process><Process ToolSource="C:\Program Files\ArcGIS\ArcToolbox\Toolboxes\Data Management Tools.tbx\SelectLayerByLocation" Date="20130611" Time="155815">SelectLayerByLocation STATEWIDE_CNTY_EXT.SHP:line HAVE_THEIR_CENTER_IN SDW_GOVNT.COUNTIES # NEW_SELECTION STATEWIDE_CNTY_EXT.SHP:line</Process><Process ToolSource="C:\Program Files\ArcGIS\ArcToolbox\Toolboxes\Data Management Tools.tbx\CalculateField" Date="20130611" Time="155822">CalculateField STATEWIDE_CNTY_EXT.SHP:line CNTY_CODE2 "67" VB # STATEWIDE_CNTY_EXT.SHP:line</Process><Process ToolSource="C:\Program Files\ArcGIS\ArcToolbox\Toolboxes\Data Management Tools.tbx\SelectLayerByLocation" Date="20130611" Time="155828">SelectLayerByLocation STATEWIDE_CNTY_EXT.SHP:line HAVE_THEIR_CENTER_IN SDW_GOVNT.COUNTIES # NEW_SELECTION STATEWIDE_CNTY_EXT.SHP:line</Process><Process ToolSource="C:\Program Files\ArcGIS\ArcToolbox\Toolboxes\Data Management Tools.tbx\CalculateField" Date="20130611" Time="155838">CalculateField STATEWIDE_CNTY_EXT.SHP:line CNTY_CODE2 "53" VB # STATEWIDE_CNTY_EXT.SHP:line</Process><Process ToolSource="C:\Program Files\ArcGIS\ArcToolbox\Toolboxes\Data Management Tools.tbx\SelectLayerByLocation" Date="20130611" Time="155844">SelectLayerByLocation STATEWIDE_CNTY_EXT.SHP:line HAVE_THEIR_CENTER_IN SDW_GOVNT.COUNTIES # NEW_SELECTION STATEWIDE_CNTY_EXT.SHP:line</Process><Process ToolSource="C:\Program Files\ArcGIS\ArcToolbox\Toolboxes\Data Management Tools.tbx\CalculateField" Date="20130611" Time="155853">CalculateField STATEWIDE_CNTY_EXT.SHP:line CNTY_CODE2 "32" VB # STATEWIDE_CNTY_EXT.SHP:line</Process><Process ToolSource="C:\Program Files\ArcGIS\ArcToolbox\Toolboxes\Data Management Tools.tbx\SelectLayerByLocation" Date="20130611" Time="155859">SelectLayerByLocation STATEWIDE_CNTY_EXT.SHP:line HAVE_THEIR_CENTER_IN SDW_GOVNT.COUNTIES # NEW_SELECTION STATEWIDE_CNTY_EXT.SHP:line</Process><Process ToolSource="C:\Program Files\ArcGIS\ArcToolbox\Toolboxes\Data Management Tools.tbx\CalculateField" Date="20130611" Time="155910">CalculateField STATEWIDE_CNTY_EXT.SHP:line CNTY_CODE2 "46" VB # STATEWIDE_CNTY_EXT.SHP:line</Process><Process ToolSource="C:\Program Files\ArcGIS\ArcToolbox\Toolboxes\Data Management Tools.tbx\SelectLayerByLocation" Date="20130611" Time="155915">SelectLayerByLocation STATEWIDE_CNTY_EXT.SHP:line HAVE_THEIR_CENTER_IN SDW_GOVNT.COUNTIES # NEW_SELECTION STATEWIDE_CNTY_EXT.SHP:line</Process><Process ToolSource="C:\Program Files\ArcGIS\ArcToolbox\Toolboxes\Data Management Tools.tbx\CalculateField" Date="20130611" Time="155924">CalculateField STATEWIDE_CNTY_EXT.SHP:line CNTY_CODE2 "28" VB # STATEWIDE_CNTY_EXT.SHP:line</Process><Process ToolSource="C:\Program Files\ArcGIS\ArcToolbox\Toolboxes\Data Management Tools.tbx\SelectLayerByLocation" Date="20130611" Time="155930">SelectLayerByLocation STATEWIDE_CNTY_EXT.SHP:line HAVE_THEIR_CENTER_IN SDW_GOVNT.COUNTIES # NEW_SELECTION STATEWIDE_CNTY_EXT.SHP:line</Process><Process ToolSource="C:\Program Files\ArcGIS\ArcToolbox\Toolboxes\Data Management Tools.tbx\CalculateField" Date="20130611" Time="155940">CalculateField STATEWIDE_CNTY_EXT.SHP:line CNTY_CODE2 "22" VB # STATEWIDE_CNTY_EXT.SHP:line</Process><Process ToolSource="C:\Program Files\ArcGIS\ArcToolbox\Toolboxes\Data Management Tools.tbx\SelectLayerByLocation" Date="20130611" Time="155947">SelectLayerByLocation STATEWIDE_CNTY_EXT.SHP:line HAVE_THEIR_CENTER_IN SDW_GOVNT.COUNTIES # NEW_SELECTION STATEWIDE_CNTY_EXT.SHP:line</Process><Process ToolSource="C:\Program Files\ArcGIS\ArcToolbox\Toolboxes\Data Management Tools.tbx\CalculateField" Date="20130611" Time="155958">CalculateField STATEWIDE_CNTY_EXT.SHP:line CNTY_CODE2 "23" VB # STATEWIDE_CNTY_EXT.SHP:line</Process><Process ToolSource="C:\Program Files\ArcGIS\ArcToolbox\Toolboxes\Data Management Tools.tbx\SelectLayerByLocation" Date="20130611" Time="160004">SelectLayerByLocation STATEWIDE_CNTY_EXT.SHP:line HAVE_THEIR_CENTER_IN SDW_GOVNT.COUNTIES # NEW_SELECTION STATEWIDE_CNTY_EXT.SHP:line</Process><Process ToolSource="C:\Program Files\ArcGIS\ArcToolbox\Toolboxes\Data Management Tools.tbx\CalculateField" Date="20130611" Time="160018">CalculateField STATEWIDE_CNTY_EXT.SHP:line CNTY_CODE2 "24" VB # STATEWIDE_CNTY_EXT.SHP:line</Process><Process ToolSource="C:\Program Files\ArcGIS\ArcToolbox\Toolboxes\Data Management Tools.tbx\SelectLayerByLocation" Date="20130611" Time="160024">SelectLayerByLocation STATEWIDE_CNTY_EXT.SHP:line HAVE_THEIR_CENTER_IN SDW_GOVNT.COUNTIES # NEW_SELECTION STATEWIDE_CNTY_EXT.SHP:line</Process><Process ToolSource="C:\Program Files\ArcGIS\ArcToolbox\Toolboxes\Data Management Tools.tbx\CalculateField" Date="20130611" Time="160039">CalculateField STATEWIDE_CNTY_EXT.SHP:line CNTY_CODE2 "50" VB # STATEWIDE_CNTY_EXT.SHP:line</Process><Process ToolSource="C:\Program Files\ArcGIS\ArcToolbox\Toolboxes\Data Management Tools.tbx\SelectLayerByLocation" Date="20130611" Time="160047">SelectLayerByLocation STATEWIDE_CNTY_EXT.SHP:line HAVE_THEIR_CENTER_IN SDW_GOVNT.COUNTIES # NEW_SELECTION STATEWIDE_CNTY_EXT.SHP:line</Process><Process ToolSource="C:\Program Files\ArcGIS\ArcToolbox\Toolboxes\Data Management Tools.tbx\CalculateField" Date="20130611" Time="160108">CalculateField STATEWIDE_CNTY_EXT.SHP:line CNTY_CODE2 "70" VB # STATEWIDE_CNTY_EXT.SHP:line</Process><Process ToolSource="C:\Program Files\ArcGIS\ArcToolbox\Toolboxes\Data Management Tools.tbx\SelectLayerByLocation" Date="20130611" Time="160114">SelectLayerByLocation STATEWIDE_CNTY_EXT.SHP:line HAVE_THEIR_CENTER_IN SDW_GOVNT.COUNTIES # NEW_SELECTION STATEWIDE_CNTY_EXT.SHP:line</Process><Process ToolSource="C:\Program Files\ArcGIS\ArcToolbox\Toolboxes\Data Management Tools.tbx\CalculateField" Date="20130611" Time="160125">CalculateField STATEWIDE_CNTY_EXT.SHP:line CNTY_CODE2 "40" VB # STATEWIDE_CNTY_EXT.SHP:line</Process><Process ToolSource="C:\Program Files\ArcGIS\ArcToolbox\Toolboxes\Data Management Tools.tbx\SelectLayerByLocation" Date="20130611" Time="160132">SelectLayerByLocation STATEWIDE_CNTY_EXT.SHP:line HAVE_THEIR_CENTER_IN SDW_GOVNT.COUNTIES # NEW_SELECTION STATEWIDE_CNTY_EXT.SHP:line</Process><Process ToolSource="C:\Program Files\ArcGIS\ArcToolbox\Toolboxes\Data Management Tools.tbx\CalculateField" Date="20130611" Time="160146">CalculateField STATEWIDE_CNTY_EXT.SHP:line CNTY_CODE2 "66" VB # STATEWIDE_CNTY_EXT.SHP:line</Process><Process ToolSource="C:\Program Files\ArcGIS\ArcToolbox\Toolboxes\Data Management Tools.tbx\SelectLayerByLocation" Date="20130611" Time="160152">SelectLayerByLocation STATEWIDE_CNTY_EXT.SHP:line HAVE_THEIR_CENTER_IN SDW_GOVNT.COUNTIES # NEW_SELECTION STATEWIDE_CNTY_EXT.SHP:line</Process><Process ToolSource="C:\Program Files\ArcGIS\ArcToolbox\Toolboxes\Data Management Tools.tbx\CalculateField" Date="20130611" Time="160200">CalculateField STATEWIDE_CNTY_EXT.SHP:line CNTY_CODE2 "81" VB # STATEWIDE_CNTY_EXT.SHP:line</Process><Process ToolSource="C:\Program Files\ArcGIS\ArcToolbox\Toolboxes\Data Management Tools.tbx\SelectLayerByLocation" Date="20130611" Time="160237">SelectLayerByLocation STATEWIDE_CNTY_EXT.SHP:line HAVE_THEIR_CENTER_IN SDW_GOVNT.COUNTIES # NEW_SELECTION STATEWIDE_CNTY_EXT.SHP:line</Process><Process ToolSource="C:\Program Files\ArcGIS\ArcToolbox\Toolboxes\Data Management Tools.tbx\CalculateField" Date="20130611" Time="160255">CalculateField STATEWIDE_CNTY_EXT.SHP:line CNTY_CODE2 "11" VB # STATEWIDE_CNTY_EXT.SHP:line</Process><Process ToolSource="C:\Program Files\ArcGIS\ArcToolbox\Toolboxes\Data Management Tools.tbx\SelectLayerByLocation" Date="20130611" Time="160301">SelectLayerByLocation STATEWIDE_CNTY_EXT.SHP:line HAVE_THEIR_CENTER_IN SDW_GOVNT.COUNTIES # NEW_SELECTION STATEWIDE_CNTY_EXT.SHP:line</Process><Process ToolSource="C:\Program Files\ArcGIS\ArcToolbox\Toolboxes\Data Management Tools.tbx\CalculateField" Date="20130611" Time="160311">CalculateField STATEWIDE_CNTY_EXT.SHP:line CNTY_CODE2 "01" VB # STATEWIDE_CNTY_EXT.SHP:line</Process><Process ToolSource="C:\Program Files\ArcGIS\ArcToolbox\Toolboxes\Data Management Tools.tbx\SelectLayerByLocation" Date="20130611" Time="160318">SelectLayerByLocation STATEWIDE_CNTY_EXT.SHP:line HAVE_THEIR_CENTER_IN SDW_GOVNT.COUNTIES # NEW_SELECTION STATEWIDE_CNTY_EXT.SHP:line</Process><Process ToolSource="C:\Program Files\ArcGIS\ArcToolbox\Toolboxes\Data Management Tools.tbx\CalculateField" Date="20130611" Time="160339">CalculateField STATEWIDE_CNTY_EXT.SHP:line CNTY_CODE2 "18" VB # STATEWIDE_CNTY_EXT.SHP:line</Process><Process ToolSource="C:\Program Files\ArcGIS\ArcToolbox\Toolboxes\Data Management Tools.tbx\SelectLayerByLocation" Date="20130611" Time="160346">SelectLayerByLocation STATEWIDE_CNTY_EXT.SHP:line HAVE_THEIR_CENTER_IN SDW_GOVNT.COUNTIES # NEW_SELECTION STATEWIDE_CNTY_EXT.SHP:line</Process><Process ToolSource="C:\Program Files\ArcGIS\ArcToolbox\Toolboxes\Data Management Tools.tbx\CalculateField" Date="20130611" Time="160359">CalculateField STATEWIDE_CNTY_EXT.SHP:line CNTY_CODE2 "49" VB # STATEWIDE_CNTY_EXT.SHP:line</Process><Process ToolSource="C:\Program Files\ArcGIS\ArcToolbox\Toolboxes\Data Management Tools.tbx\SelectLayerByLocation" Date="20130611" Time="160406">SelectLayerByLocation STATEWIDE_CNTY_EXT.SHP:line HAVE_THEIR_CENTER_IN SDW_GOVNT.COUNTIES # NEW_SELECTION STATEWIDE_CNTY_EXT.SHP:line</Process><Process ToolSource="C:\Program Files\ArcGIS\ArcToolbox\Toolboxes\Data Management Tools.tbx\CalculateField" Date="20130611" Time="160416">CalculateField STATEWIDE_CNTY_EXT.SHP:line CNTY_CODE2 "48" VB # STATEWIDE_CNTY_EXT.SHP:line</Process><Process ToolSource="C:\Program Files\ArcGIS\ArcToolbox\Toolboxes\Data Management Tools.tbx\SelectLayerByLocation" Date="20130611" Time="160428">SelectLayerByLocation STATEWIDE_CNTY_EXT.SHP:line HAVE_THEIR_CENTER_IN SDW_GOVNT.COUNTIES # NEW_SELECTION STATEWIDE_CNTY_EXT.SHP:line</Process><Process ToolSource="C:\Program Files\ArcGIS\ArcToolbox\Toolboxes\Data Management Tools.tbx\CalculateField" Date="20130611" Time="160513">CalculateField STATEWIDE_CNTY_EXT.SHP:line CNTY_CODE2 "69" VB # STATEWIDE_CNTY_EXT.SHP:line</Process><Process ToolSource="C:\Program Files\ArcGIS\ArcToolbox\Toolboxes\Data Management Tools.tbx\CalculateField" Date="20130611" Time="160744">CalculateField C:\ExtractTemp\STATEWIDE_CNTY_EXT.shp CNTY_CODE pVar VB "Dim pCntyCode as string\nDim pCntyCode2 as string\nDim pVar as string\n\npCntyCode = [CNTY_CODE]\npCntyCode2 = [CNTY_CODE2]\n\nIf(pCntyCode = " ") then\n  pVar = pCntyCode2\nElse\n  pVar = pCntyCode\nEnd if\n" C:\ExtractTemp\STATEWIDE_CNTY_EXT.shp</Process><Process ToolSource="C:\Program Files\ArcGIS\ArcToolbox\Toolboxes\Data Management Tools.tbx\DeleteField" Date="20130611" Time="161049">DeleteField C:\ExtractTemp\STATEWIDE_CNTY_EXT.shp CNTY_CODE2 C:\ExtractTemp\STATEWIDE_CNTY_EXT.shp</Process></lineage></DataProperties><ArcGISFormat>1.0</ArcGISFormat></Esri><idinfo><citation><citeinfo><onlink Sync="TRUE">\\COSTPTDAXD031\C$\ExtractTemp\STATEWIDE_CNTY_EXT</onlink><origin>REQUIRED: The name of an organization or individual that developed the data set.</origin><pubdate>REQUIRED: The date when the data set is published or otherwise made available for release.</pubdate><title Sync="TRUE">RTE_SEG_ACT</title><ftname Sync="TRUE">RTE_SEG_ACT</ftname><geoform Sync="TRUE">vector digital data</geoform></citeinfo></citation><native Sync="TRUE">Microsoft Windows XP Version 5.1 (Build 2600) Service Pack 3; ESRI ArcCatalog 9.3.1.3500</native><descript><langdata Sync="TRUE">en</langdata><abstract>REQUIRED: A brief narrative summary of the data set.</abstract><purpose>REQUIRED: A summary of the intentions with which the data set was developed.</purpose></descript><timeperd><current>REQUIRED: The basis on which the time period of content information is determined.</current><timeinfo><sngdate><caldate>REQUIRED: The year (and optionally month, or month and day) for which the data set corresponds to the ground.</caldate></sngdate></timeinfo></timeperd><status><progress>REQUIRED: The state of the data set.</progress><update>REQUIRED: The frequency with which changes and additions are made to the data set after the initial data set is completed.</update></status><spdom><bounding><westbc Sync="TRUE">REQUIRED: Western-most coordinate of the limit of coverage expressed in longitude.</westbc><eastbc Sync="TRUE">REQUIRED: Eastern-most coordinate of the limit of coverage expressed in longitude.</eastbc><northbc Sync="TRUE">REQUIRED: Northern-most coordinate of the limit of coverage expressed in latitude.</northbc><southbc Sync="TRUE">REQUIRED: Southern-most coordinate of the limit of coverage expressed in latitude.</southbc></bounding></spdom><keywords><theme><themekt>REQUIRED: Reference to a formally registered thesaurus or a similar authoritative source of theme keywords.</themekt><themekey>REQUIRED: Common-use word or phrase used to describe the subject of the data set.</themekey></theme></keywords><accconst>REQUIRED: Restrictions and legal prerequisites for accessing the data set.</accconst><useconst>REQUIRED: Restrictions and legal prerequisites for using the data set after access is granted.</useconst><natvform Sync="TRUE">Shapefile</natvform></idinfo><distInfo><distributor><distorTran><onLineSrc><linkage Sync="TRUE">file://\\COSTPTDAXD031\C$\ExtractTemp\STATEWIDE_CNTY_EXT</linkage><protocol Sync="TRUE">Local Area Network</protocol><orDesc Sync="TRUE">002</orDesc></onLineSrc><transSize Sync="TRUE">0.000</transSize></distorTran><distorFormat><formatName Sync="TRUE">Shapefile</formatName></distorFormat></distributor></distInfo><dataqual><lineage><procstep><procdesc Sync="TRUE">Dataset copied.</procdesc><srcused Sync="TRUE">N:\GIM\GIS\Users\Todd\Projects\DAT_SDW_STREETNAME_CONF\Shapefiles\NEW_CONF_FC_TMPLT</srcused><date Sync="TRUE">20080917</date><time Sync="TRUE">14250200</time></procstep><procstep><procdesc Sync="TRUE">Dataset copied.</procdesc><srcused Sync="TRUE">\\AD\CO\TDA\Data\GIM\GIS\Users\Todd\Projects\Streetname\VB6\DAT_SDW_STREETNAME_CONF\06_07_2013\Conflation_06_07_2013.gdb</srcused><procdate Sync="TRUE">20130611</procdate><proctime Sync="TRUE">07514000</proctime></procstep><procstep><procdesc Sync="TRUE">Dataset copied.</procdesc><srcused Sync="TRUE">C:\ExtractTemp\RTE_SEG_ACT</srcused><procdate Sync="TRUE">20130611</procdate><proctime Sync="TRUE">15303800</proctime></procstep></lineage></dataqual><dataIdInfo><envirDesc Sync="TRUE">Microsoft Windows XP Version 5.1 (Build 2600) Service Pack 3; ESRI ArcCatalog 9.3.1.3500</envirDesc><dataLang><languageCode Sync="TRUE" value="en"></languageCode></dataLang><idCitation><resTitle Sync="TRUE">RTE_SEG_ACT</resTitle><presForm><PresFormCd Sync="TRUE" value="005"></PresFormCd></presForm></idCitation><spatRpType><SpatRepTypCd Sync="TRUE" value="001"></SpatRepTypCd></spatRpType></dataIdInfo><metainfo><langmeta Sync="TRUE">en</langmeta><metstdn Sync="TRUE">FGDC Content Standards for Digital Geospatial Metadata</metstdn><metstdv Sync="TRUE">FGDC-STD-001-1998</metstdv><mettc Sync="TRUE">local time</mettc><metc><cntinfo><cntorgp><cntper>REQUIRED: The person responsible for the metadata information.</cntper><cntorg>REQUIRED: The organization responsible for the metadata information.</cntorg></cntorgp><cntaddr><addrtype>REQUIRED: The mailing and/or physical address for the organization or individual.</addrtype><city>REQUIRED: The city of the address.</city><state>REQUIRED: The state or province of the address.</state><postal>REQUIRED: The ZIP or other postal code of the address.</postal></cntaddr><cntvoice>REQUIRED: The telephone number by which individuals can speak to the organization or individual.</cntvoice></cntinfo></metc><metd Sync="TRUE">20130611</metd><metextns><onlink Sync="TRUE">http://www.esri.com/metadata/esriprof80.html</onlink><metprof Sync="TRUE">ESRI Metadata Profile</metprof></metextns></metainfo><mdLang><languageCode Sync="TRUE" value="en"></languageCode></mdLang><mdStanName Sync="TRUE">ISO 19115 Geographic Information - Metadata</mdStanName><mdStanVer Sync="TRUE">DIS_ESRI1.0</mdStanVer><mdChar><CharSetCd Sync="TRUE" value="004"></CharSetCd></mdChar><mdHrLv><ScopeCd Sync="TRUE" value="005"></ScopeCd></mdHrLv><mdHrLvName Sync="TRUE">dataset</mdHrLvName><distinfo><resdesc Sync="TRUE">Downloadable Data</resdesc><stdorder><digform><digtinfo><transize Sync="TRUE">0.000</transize><dssize Sync="TRUE">0.000</dssize></digtinfo></digform></stdorder></distinfo><spdoinfo><direct Sync="TRUE">Vector</direct><ptvctinf><esriterm Name="RTE_SEG_ACT"><efeatyp Sync="TRUE">Simple</efeatyp><efeageom Sync="TRUE">Polyline</efeageom><esritopo Sync="TRUE">FALSE</esritopo><efeacnt Sync="TRUE">0</efeacnt><spindex Sync="TRUE">FALSE</spindex><linrefer Sync="TRUE">TRUE</linrefer></esriterm><sdtsterm Name="RTE_SEG_ACT"><sdtstype Sync="TRUE">String</sdtstype><ptvctcnt Sync="TRUE">0</ptvctcnt></sdtsterm></ptvctinf></spdoinfo><spref><horizsys><cordsysn><geogcsn Sync="TRUE">GCS_North_American_1983</geogcsn><projcsn Sync="TRUE">NAD_1983_UTM_Zone_15N</projcsn></cordsysn><planar><planci><plance Sync="TRUE">coordinate pair</plance><plandu Sync="TRUE">meters</plandu><coordrep><absres Sync="TRUE">0.000000</absres><ordres Sync="TRUE">0.000000</ordres></coordrep></planci><gridsys><gridsysn Sync="TRUE">Universal Transverse Mercator</gridsysn><utm><utmzone Sync="TRUE">15</utmzone><transmer><sfctrmer Sync="TRUE">0.999600</sfctrmer><longcm Sync="TRUE">-93.000000</longcm><latprjo Sync="TRUE">0.000000</latprjo><feast Sync="TRUE">500000.000000</feast><fnorth Sync="TRUE">0.000000</fnorth></transmer></utm></gridsys></planar><geodetic><horizdn Sync="TRUE">North American Datum of 1983</horizdn><ellips Sync="TRUE">Geodetic Reference System 80</ellips><semiaxis Sync="TRUE">6378137.000000</semiaxis><denflat Sync="TRUE">298.257222</denflat></geodetic></horizsys><vertdef><altsys><altenc Sync="TRUE">Explicit elevation coordinate included with horizontal coordinates</altenc><altres Sync="TRUE">0.000100</altres></altsys></vertdef></spref><refSysInfo><RefSystem><refSysID><identCode Sync="TRUE">NAD_1983_UTM_Zone_15N</identCode></refSysID></RefSystem></refSysInfo><spatRepInfo><VectSpatRep><topLvl><TopoLevCd Sync="TRUE" value="001"></TopoLevCd></topLvl><geometObjs Name="RTE_SEG_ACT"><geoObjTyp><GeoObjTypCd Sync="TRUE" value="001"></GeoObjTypCd></geoObjTyp><geoObjCnt Sync="TRUE">0</geoObjCnt></geometObjs></VectSpatRep></spatRepInfo><eainfo><detailed Name="RTE_SEG_ACT"><enttyp><enttypl Sync="TRUE">RTE_SEG_ACT</enttypl><enttypt Sync="TRUE">Feature Class</enttypt><enttypc Sync="TRUE">0</enttypc></enttyp><attr><attrlabl Sync="TRUE">FID</attrlabl><attalias Sync="TRUE">FID</attalias><attrtype Sync="TRUE">OID</attrtype><attwidth Sync="TRUE">4</attwidth><atprecis Sync="TRUE">0</atprecis><attscale Sync="TRUE">0</attscale><attrdef Sync="TRUE">Internal feature number.</attrdef><attrdefs Sync="TRUE">ESRI</attrdefs><attrdomv><udom Sync="TRUE">Sequential unique whole numbers that are automatically generated.</udom></attrdomv></attr><attr><attrlabl Sync="TRUE">Shape</attrlabl><attalias Sync="TRUE">Shape</attalias><attrtype Sync="TRUE">Geometry</attrtype><attwidth Sync="TRUE">0</attwidth><atprecis Sync="TRUE">0</atprecis><attscale Sync="TRUE">0</attscale><attrdef Sync="TRUE">Feature geometry.</attrdef><attrdefs Sync="TRUE">ESRI</attrdefs><attrdomv><udom Sync="TRUE">Coordinates defining the features.</udom></attrdomv></attr><attr><attrlabl Sync="TRUE">STR_NAME</attrlabl><attalias Sync="TRUE">STR_NAME</attalias><attrtype Sync="TRUE">String</attrtype><attwidth Sync="TRUE">42</attwidth></attr><attr><attrlabl Sync="TRUE">STR_PFX</attrlabl><attalias Sync="TRUE">STR_PFX</attalias><attrtype Sync="TRUE">String</attrtype><attwidth Sync="TRUE">2</attwidth></attr><attr><attrlabl Sync="TRUE">BASE_NAM</attrlabl><attalias Sync="TRUE">BASE_NAM</attalias><attrtype Sync="TRUE">String</attrtype><attwidth Sync="TRUE">50</attwidth></attr><attr><attrlabl Sync="TRUE">STR_TYPE</attrlabl><attalias Sync="TRUE">STR_TYPE</attalias><attrtype Sync="TRUE">String</attrtype><attwidth Sync="TRUE">4</attwidth></attr><attr><attrlabl Sync="TRUE">STR_SFX</attrlabl><attalias Sync="TRUE">STR_SFX</attalias><attrtype Sync="TRUE">String</attrtype><attwidth Sync="TRUE">2</attwidth></attr><attr><attrlabl Sync="TRUE">E_911</attrlabl><attalias Sync="TRUE">E_911</attalias><attrtype Sync="TRUE">String</attrtype><attwidth Sync="TRUE">1</attwidth></attr><attr><attrlabl Sync="TRUE">TIS_CODE</attrlabl><attalias Sync="TRUE">TIS_CODE</attalias><attrtype Sync="TRUE">String</attrtype><attwidth Sync="TRUE">11</attwidth></attr><attr><attrlabl Sync="TRUE">RTE_SYST</attrlabl><attalias Sync="TRUE">RTE_SYST</attalias><attrtype Sync="TRUE">String</attrtype><attwidth Sync="TRUE">2</attwidth></attr><attr><attrlabl Sync="TRUE">RTE_NUM</attrlabl><attalias Sync="TRUE">RTE_NUM</attalias><attrtype Sync="TRUE">String</attrtype><attwidth Sync="TRUE">5</attwidth></attr><attr><attrlabl Sync="TRUE">DIVID</attrlabl><attalias Sync="TRUE">DIVID</attalias><attrtype Sync="TRUE">String</attrtype><attwidth Sync="TRUE">1</attwidth></attr><attr><attrlabl Sync="TRUE">TRAF_DIR</attrlabl><attalias Sync="TRUE">TRAF_DIR</attalias><attrtype Sync="TRUE">String</attrtype><attwidth Sync="TRUE">1</attwidth></attr><attr><attrlabl Sync="TRUE">TIS_ONE</attrlabl><attalias Sync="TRUE">TIS_ONE</attalias><attrtype Sync="TRUE">String</attrtype><attwidth Sync="TRUE">16</attwidth></attr><attr><attrlabl Sync="TRUE">DATE_PRO</attrlabl><attalias Sync="TRUE">DATE_PRO</attalias><attrtype Sync="TRUE">Date</attrtype><attwidth Sync="TRUE">8</attwidth></attr><attr><attrlabl Sync="TRUE">DATE_ACT</attrlabl><attalias Sync="TRUE">DATE_ACT</attalias><attrtype Sync="TRUE">Date</attrtype><attwidth Sync="TRUE">8</attwidth></attr><attr><attrlabl Sync="TRUE">DATE_RET</attrlabl><attalias Sync="TRUE">DATE_RET</attalias><attrtype Sync="TRUE">Date</attrtype><attwidth Sync="TRUE">8</attwidth></attr><attr><attrlabl Sync="TRUE">DATE_EDT</attrlabl><attalias Sync="TRUE">DATE_EDT</attalias><attrtype Sync="TRUE">Date</attrtype><attwidth Sync="TRUE">8</attwidth></attr><attr><attrlabl Sync="TRUE">Shape_Leng</attrlabl><attalias Sync="TRUE">Shape_Leng</attalias><attrtype Sync="TRUE">Float</attrtype><attwidth Sync="TRUE">19</attwidth><atnumdec Sync="TRUE">11</atnumdec></attr><attr><attrlabl Sync="TRUE">BEGM</attrlabl><attalias Sync="TRUE">BEGM</attalias><attrtype Sync="TRUE">Number</attrtype><attwidth Sync="TRUE">11</attwidth><atnumdec Sync="TRUE">3</atnumdec></attr><attr><attrlabl Sync="TRUE">ENDM</attrlabl><attalias Sync="TRUE">ENDM</attalias><attrtype Sync="TRUE">Number</attrtype><attwidth Sync="TRUE">11</attwidth><atnumdec Sync="TRUE">3</atnumdec></attr><attr><attrlabl Sync="TRUE">CNTY_CODE</attrlabl><attalias Sync="TRUE">CNTY_CODE</attalias><attrtype Sync="TRUE">String</attrtype><attwidth Sync="TRUE">254</attwidth></attr><attr><attrlabl Sync="TRUE">DIRECTIONA</attrlabl><attalias Sync="TRUE">DIRECTIONA</attalias><attrtype Sync="TRUE">String</attrtype><attwidth Sync="TRUE">254</attwidth></attr><attr><attrlabl Sync="TRUE">CNTY_CODE2</attrlabl><attalias Sync="TRUE">CNTY_CODE2</attalias><attrtype Sync="TRUE">String</attrtype><attwidth Sync="TRUE">254</attwidth></attr></detailed></eainfo><mdDateSt Sync="TRUE">20130611</mdDateSt></metadata>
